max_df,min_df,phrase_len,alpha,lin_reg_mse,lasso_mse,ridge_mse,baseline_mse
0.1,0.0,9,100,6441.178598381712,6646.788906250005,6645.759281782657,6646.788906250005

